date,roll_number,name,status
2026-09-27,1,Raksha,Present
2026-09-27,2,Sudheeksha,Present
2026-09-27,3,Bhagya,Present
2026-09-27,4,Likhitha,Absent
2026-09-27,5,Manish,Absent
2026-09-27,6,Sukhi,Present
2026-09-27,7,Chaithanya,Absent
2026-09-28,1,Raksha,Present
2026-09-28,2,Sudheeksha,Present
2026-09-28,3,Bhagya,Present
2026-09-28,4,Likhitha,Present
2026-09-28,5,Manish,Present
2026-09-28,6,Sukhi,Present
2026-09-28,7,Chaithanya,Present
2026-09-29,1,Raksha,Present
2026-09-29,2,Sudheeksha,Present
2026-09-29,3,Bhagya,Present
2026-09-29,4,Likhitha,Absent
2026-09-29,5,Manish,Present
2026-09-29,6,Sukhi,Present
2026-09-29,7,Chaithanya,Present
2026-09-30,1,Raksha,Present
2026-09-30,2,Sudheeksha,Present
2026-09-30,3,Bhagya,Present
2026-09-30,4,Likhitha,Absent
2026-09-30,5,Manish,Absent
2026-09-30,6,Sukhi,Absent
2026-09-30,7,Chaithanya,Absent
2026-10-01,1,Raksha,Present
2026-10-01,2,Sudheeksha,Present
2026-10-01,3,Bhagya,Present
2026-10-01,4,Likhitha,Present
2026-10-01,5,Manish,Absent
2026-10-01,6,Sukhi,Present
2026-10-01,7,Chaithanya,Absent
2026-10-02,1,Raksha,Present
2026-10-02,2,Sudheeksha,Present
2026-10-02,3,Bhagya,Absent
2026-10-02,4,Likhitha,Present
2026-10-02,5,Manish,Absent
2026-10-02,6,Sukhi,Present
2026-10-02,7,Chaithanya,Present
2026-10-03,1,Raksha,Present
2026-10-03,2,Sudheeksha,Present
2026-10-03,3,Bhagya,Present
2026-10-03,4,Likhitha,Absent
2026-10-03,5,Manish,Present
2026-10-03,6,Sukhi,Present
2026-10-03,7,Chaithanya,Absent
2026-10-04,1,Raksha,Present
2026-10-04,2,Sudheeksha,Present
2026-10-04,3,Bhagya,Present
2026-10-04,4,Likhitha,Present
2026-10-04,5,Manish,Absent
2026-10-04,6,Sukhi,Present
2026-10-04,7,Chaithanya,Present
2026-10-05,1,Raksha,Present
2026-10-05,2,Sudheeksha,Present
2026-10-05,3,Bhagya,Absent
2026-10-05,4,Likhitha,Present
2026-10-05,5,Manish,Absent
2026-10-05,6,Sukhi,Present
2026-10-05,7,Chaithanya,Present
2026-10-06,1,Raksha,Present
2026-10-06,2,Sudheeksha,Present
2026-10-06,3,Bhagya,Present
2026-10-06,4,Likhitha,Present
2026-10-06,5,Manish,Present
2026-10-06,6,Sukhi,Absent
2026-10-06,7,Chaithanya,Absent
